source,file,indicator_code,indicator_name,unit,data_format,notes,name_lower
FAO,Exchange_rate_E_All_Data_(Normalized).csv,Local currency units per USD,Local currency units per USD,,long (Element per row),"File structure: Area Code, Area Code (M49), Area, Element Code, Element..., 255 distinct currencies",local currency units per usd
FAO,Exchange_rate_E_All_Data_(Normalized).csv,Standard local currency units per USD,Standard local currency units per USD,,long (Element per row),"File structure: Area Code, Area Code (M49), Area, Element Code, Element..., 152 distinct currencies",standard local currency units per usd
FAO,Exchange_rate_E_AreaCodes.csv,M49 Code,M49 Code,,wide,"Columns: Area Code, M49 Code, Area...",m49 code
FAO,Exchange_rate_E_Elements.csv,Local currency units per USD,Local currency units per USD,,long (Element per row),"File structure: Element Code, Element...",local currency units per usd
FAO,Exchange_rate_E_Elements.csv,Standard local currency units per USD,Standard local currency units per USD,,long (Element per row),"File structure: Element Code, Element...",standard local currency units per usd
FAO,Exchange_rate_E_Flags.csv, Description, Description,,wide,"Columns: Flag,  Description...", description
FAO,Macro-Statistics_Key_Indicators_E_All_Data_(Normalized).csv,Share of Value Added (Total Manufacturing) Standard Local Currency,Share of Value Added (Total Manufacturing) Standard Local Currency,%,long (Element per row),"File structure: Area Code, Area Code (M49), Area, Item Code, Item..., 3 distinct items",share of value added (total manufacturing) standard local currency
FAO,Macro-Statistics_Key_Indicators_E_All_Data_(Normalized).csv,Annual growth Standard Local Currency,Annual growth Standard Local Currency,%,long (Element per row),"File structure: Area Code, Area Code (M49), Area, Item Code, Item..., 9 distinct items",annual growth standard local currency
FAO,Macro-Statistics_Key_Indicators_E_All_Data_(Normalized).csv,Value Standard Local Currency,Value Standard Local Currency,million SLC,long (Element per row),"File structure: Area Code, Area Code (M49), Area, Item Code, Item..., 9 distinct items",value standard local currency
FAO,Macro-Statistics_Key_Indicators_E_All_Data_(Normalized).csv,Annual growth US$,Annual growth US$,%,long (Element per row),"File structure: Area Code, Area Code (M49), Area, Item Code, Item..., 9 distinct items",annual growth us$
FAO,Macro-Statistics_Key_Indicators_E_All_Data_(Normalized).csv,Share of GDP US$,Share of GDP US$,%,long (Element per row),"File structure: Area Code, Area Code (M49), Area, Item Code, Item..., 5 distinct items",share of gdp us$
FAO,Macro-Statistics_Key_Indicators_E_All_Data_(Normalized).csv,Share of Value Added (Total Manufacturing) US$,Share of Value Added (Total Manufacturing) US$,%,long (Element per row),"File structure: Area Code, Area Code (M49), Area, Item Code, Item..., 3 distinct items",share of value added (total manufacturing) us$
FAO,Macro-Statistics_Key_Indicators_E_All_Data_(Normalized).csv,Annual growth US$ per capita,Annual growth US$ per capita,%,long (Element per row),"File structure: Area Code, Area Code (M49), Area, Item Code, Item..., 2 distinct items",annual growth us$ per capita
FAO,Macro-Statistics_Key_Indicators_E_All_Data_(Normalized).csv,Share of GDP Standard Local Currency,Share of GDP Standard Local Currency,%,long (Element per row),"File structure: Area Code, Area Code (M49), Area, Item Code, Item..., 7 distinct items",share of gdp standard local currency
FAO,Macro-Statistics_Key_Indicators_E_All_Data_(Normalized).csv,Value US$ per capita,Value US$ per capita,USD,long (Element per row),"File structure: Area Code, Area Code (M49), Area, Item Code, Item..., 2 distinct items",value us$ per capita
FAO,Macro-Statistics_Key_Indicators_E_All_Data_(Normalized).csv,Value US$,Value US$,million USD,long (Element per row),"File structure: Area Code, Area Code (M49), Area, Item Code, Item..., 9 distinct items",value us$
FAO,Macro-Statistics_Key_Indicators_E_AreaCodes.csv,M49 Code,M49 Code,,wide,"Columns: Area Code, M49 Code, Area...",m49 code
FAO,Macro-Statistics_Key_Indicators_E_Elements.csv,Share of Value Added (Total Manufacturing) Standard Local Currency,Share of Value Added (Total Manufacturing) Standard Local Currency,,long (Element per row),"File structure: Element Code, Element...",share of value added (total manufacturing) standard local currency
FAO,Macro-Statistics_Key_Indicators_E_Elements.csv,Annual growth Standard Local Currency,Annual growth Standard Local Currency,,long (Element per row),"File structure: Element Code, Element...",annual growth standard local currency
FAO,Macro-Statistics_Key_Indicators_E_Elements.csv,Value Standard Local Currency,Value Standard Local Currency,,long (Element per row),"File structure: Element Code, Element...",value standard local currency
FAO,Macro-Statistics_Key_Indicators_E_Elements.csv,Annual growth US$,Annual growth US$,,long (Element per row),"File structure: Element Code, Element...",annual growth us$
FAO,Macro-Statistics_Key_Indicators_E_Elements.csv,Share of GDP US$,Share of GDP US$,,long (Element per row),"File structure: Element Code, Element...",share of gdp us$
FAO,Macro-Statistics_Key_Indicators_E_Elements.csv,Share of Value Added (Total Manufacturing) US$,Share of Value Added (Total Manufacturing) US$,,long (Element per row),"File structure: Element Code, Element...",share of value added (total manufacturing) us$
FAO,Macro-Statistics_Key_Indicators_E_Elements.csv,Annual growth US$ per capita,Annual growth US$ per capita,,long (Element per row),"File structure: Element Code, Element...",annual growth us$ per capita
FAO,Macro-Statistics_Key_Indicators_E_Elements.csv,Share of GDP Standard Local Currency,Share of GDP Standard Local Currency,,long (Element per row),"File structure: Element Code, Element...",share of gdp standard local currency
FAO,Macro-Statistics_Key_Indicators_E_Elements.csv,Value US$ per capita,Value US$ per capita,,long (Element per row),"File structure: Element Code, Element...",value us$ per capita
FAO,Macro-Statistics_Key_Indicators_E_Elements.csv,Value US$,Value US$,,long (Element per row),"File structure: Element Code, Element...",value us$
FAO,Macro-Statistics_Key_Indicators_E_Flags.csv, Description, Description,,wide,"Columns: Flag,  Description...", description
FAO,Macro-Statistics_Key_Indicators_E_ItemCodes.csv,Item Code,Item Code,,wide,"Columns: Item Code, Item...",item code
FAO,Macro-Statistics_Key_Indicators_E_ItemCodes.csv,Item,Item,,wide,"Columns: Item Code, Item...",item
FAO,Prices_E_All_Data_(Normalized).csv,Producer Price (SLC/tonne),Producer Price (SLC/tonne),SLC,long (Element per row),"File structure: Area Code, Area Code (M49), Area, Item Code, Item Code (CPC)..., 212 distinct items",producer price (slc/tonne)
FAO,Prices_E_All_Data_(Normalized).csv,Producer Price (USD/tonne),Producer Price (USD/tonne),USD,long (Element per row),"File structure: Area Code, Area Code (M49), Area, Item Code, Item Code (CPC)..., 212 distinct items",producer price (usd/tonne)
FAO,Prices_E_All_Data_(Normalized).csv,Producer Price (LCU/tonne),Producer Price (LCU/tonne),LCU,long (Element per row),"File structure: Area Code, Area Code (M49), Area, Item Code, Item Code (CPC)..., 214 distinct items",producer price (lcu/tonne)
FAO,Prices_E_All_Data_(Normalized).csv,Producer Price Index (2014-2016 = 100),Producer Price Index (2014-2016 = 100),,long (Element per row),"File structure: Area Code, Area Code (M49), Area, Item Code, Item Code (CPC)..., 234 distinct items",producer price index (2014-2016 = 100)
FAO,Prices_E_AreaCodes.csv,M49 Code,M49 Code,,wide,"Columns: Area Code, M49 Code, Area...",m49 code
FAO,Prices_E_Elements.csv,Producer Price (SLC/tonne),Producer Price (SLC/tonne),,long (Element per row),"File structure: Element Code, Element...",producer price (slc/tonne)
FAO,Prices_E_Elements.csv,Producer Price (USD/tonne),Producer Price (USD/tonne),,long (Element per row),"File structure: Element Code, Element...",producer price (usd/tonne)
FAO,Prices_E_Elements.csv,Producer Price (LCU/tonne),Producer Price (LCU/tonne),,long (Element per row),"File structure: Element Code, Element...",producer price (lcu/tonne)
FAO,Prices_E_Elements.csv,Producer Price Index (2014-2016 = 100),Producer Price Index (2014-2016 = 100),,long (Element per row),"File structure: Element Code, Element...",producer price index (2014-2016 = 100)
FAO,Prices_E_Flags.csv, Description, Description,,wide,"Columns: Flag,  Description...", description
FAO,Prices_E_ItemCodes.csv,Item Code,Item Code,,wide,"Columns: Item Code, CPC Code, Item...",item code
FAO,Prices_E_ItemCodes.csv,CPC Code,CPC Code,,wide,"Columns: Item Code, CPC Code, Item...",cpc code
FAO,Prices_E_ItemCodes.csv,Item,Item,,wide,"Columns: Item Code, CPC Code, Item...",item
FAO,Production_Crops_Livestock_E_All_Data_(Normalized).csv,Stocks,Stocks,An,long (Element per row),"File structure: Area Code, Area Code (M49), Area, Item Code, Item Code (CPC)..., 21 distinct items",stocks
FAO,Production_Crops_Livestock_E_All_Data_(Normalized).csv,Yield/Carcass Weight,Yield/Carcass Weight,g/An,long (Element per row),"File structure: Area Code, Area Code (M49), Area, Item Code, Item Code (CPC)..., 35 distinct items",yield/carcass weight
FAO,Production_Crops_Livestock_E_All_Data_(Normalized).csv,Laying,Laying,1000 An,long (Element per row),"File structure: Area Code, Area Code (M49), Area, Item Code, Item Code (CPC)..., 3 distinct items",laying
FAO,Production_Crops_Livestock_E_All_Data_(Normalized).csv,Production,Production,t,long (Element per row),"File structure: Area Code, Area Code (M49), Area, Item Code, Item Code (CPC)..., 280 distinct items",production
FAO,Production_Crops_Livestock_E_All_Data_(Normalized).csv,Yield,Yield,kg/ha,long (Element per row),"File structure: Area Code, Area Code (M49), Area, Item Code, Item Code (CPC)..., 171 distinct items",yield
FAO,Production_Crops_Livestock_E_All_Data_(Normalized).csv,Milk Animals,Milk Animals,An,long (Element per row),"File structure: Area Code, Area Code (M49), Area, Item Code, Item Code (CPC)..., 6 distinct items",milk animals
FAO,Production_Crops_Livestock_E_All_Data_(Normalized).csv,Producing Animals/Slaughtered,Producing Animals/Slaughtered,An,long (Element per row),"File structure: Area Code, Area Code (M49), Area, Item Code, Item Code (CPC)..., 39 distinct items",producing animals/slaughtered
FAO,Production_Crops_Livestock_E_All_Data_(Normalized).csv,Area harvested,Area harvested,ha,long (Element per row),"File structure: Area Code, Area Code (M49), Area, Item Code, Item Code (CPC)..., 169 distinct items",area harvested
FAO,Production_Crops_Livestock_E_AreaCodes.csv,M49 Code,M49 Code,,wide,"Columns: Area Code, M49 Code, Area...",m49 code
FAO,Production_Crops_Livestock_E_Elements.csv,Stocks,Stocks,,long (Element per row),"File structure: Element Code, Element...",stocks
FAO,Production_Crops_Livestock_E_Elements.csv,Yield/Carcass Weight,Yield/Carcass Weight,,long (Element per row),"File structure: Element Code, Element...",yield/carcass weight
FAO,Production_Crops_Livestock_E_Elements.csv,Laying,Laying,,long (Element per row),"File structure: Element Code, Element...",laying
FAO,Production_Crops_Livestock_E_Elements.csv,Production,Production,,long (Element per row),"File structure: Element Code, Element...",production
FAO,Production_Crops_Livestock_E_Elements.csv,Yield,Yield,,long (Element per row),"File structure: Element Code, Element...",yield
FAO,Production_Crops_Livestock_E_Elements.csv,Milk Animals,Milk Animals,,long (Element per row),"File structure: Element Code, Element...",milk animals
FAO,Production_Crops_Livestock_E_Elements.csv,Producing Animals/Slaughtered,Producing Animals/Slaughtered,,long (Element per row),"File structure: Element Code, Element...",producing animals/slaughtered
FAO,Production_Crops_Livestock_E_Elements.csv,Area harvested,Area harvested,,long (Element per row),"File structure: Element Code, Element...",area harvested
FAO,Production_Crops_Livestock_E_Flags.csv, Description, Description,,wide,"Columns: Flag,  Description...", description
FAO,Production_Crops_Livestock_E_ItemCodes.csv,Item Code,Item Code,,wide,"Columns: Item Code, CPC Code, Item...",item code
FAO,Production_Crops_Livestock_E_ItemCodes.csv,CPC Code,CPC Code,,wide,"Columns: Item Code, CPC Code, Item...",cpc code
FAO,Production_Crops_Livestock_E_ItemCodes.csv,Item,Item,,wide,"Columns: Item Code, CPC Code, Item...",item
FAO,Production_Indices_E_All_Data_(Normalized).csv,Gross Production Index Number (2014-2016 = 100),Gross Production Index Number (2014-2016 = 100),,long (Element per row),"File structure: Area Code, Area Code (M49), Area, Item Code, Item Code (CPC)..., 196 distinct items",gross production index number (2014-2016 = 100)
FAO,Production_Indices_E_All_Data_(Normalized).csv,Gross per capita Production Index Number (2014-2016 = 100),Gross per capita Production Index Number (2014-2016 = 100),,long (Element per row),"File structure: Area Code, Area Code (M49), Area, Item Code, Item Code (CPC)..., 196 distinct items",gross per capita production index number (2014-2016 = 100)
FAO,Production_Indices_E_AreaCodes.csv,M49 Code,M49 Code,,wide,"Columns: Area Code, M49 Code, Area...",m49 code
FAO,Production_Indices_E_Elements.csv,Gross Production Index Number (2014-2016 = 100),Gross Production Index Number (2014-2016 = 100),,long (Element per row),"File structure: Element Code, Element...",gross production index number (2014-2016 = 100)
FAO,Production_Indices_E_Elements.csv,Gross per capita Production Index Number (2014-2016 = 100),Gross per capita Production Index Number (2014-2016 = 100),,long (Element per row),"File structure: Element Code, Element...",gross per capita production index number (2014-2016 = 100)
FAO,Production_Indices_E_Flags.csv, Description, Description,,wide,"Columns: Flag,  Description...", description
FAO,Production_Indices_E_ItemCodes.csv,Item Code,Item Code,,wide,"Columns: Item Code, CPC Code, Item...",item code
FAO,Production_Indices_E_ItemCodes.csv,CPC Code,CPC Code,,wide,"Columns: Item Code, CPC Code, Item...",cpc code
FAO,Production_Indices_E_ItemCodes.csv,Item,Item,,wide,"Columns: Item Code, CPC Code, Item...",item
FAO,Trade_CropsLivestock_E_All_Data_(Normalized).csv,Import quantity,Import quantity,t,long (Element per row),"File structure: Area Code, Area Code (M49), Area, Item Code, Item Code (CPC)..., 604 distinct items",import quantity
FAO,Trade_CropsLivestock_E_All_Data_(Normalized).csv,Export quantity,Export quantity,t,long (Element per row),"File structure: Area Code, Area Code (M49), Area, Item Code, Item Code (CPC)..., 601 distinct items",export quantity
FAO,Trade_CropsLivestock_E_All_Data_(Normalized).csv,Export value,Export value,1000 USD,long (Element per row),"File structure: Area Code, Area Code (M49), Area, Item Code, Item Code (CPC)..., 615 distinct items",export value
FAO,Trade_CropsLivestock_E_All_Data_(Normalized).csv,Import value,Import value,1000 USD,long (Element per row),"File structure: Area Code, Area Code (M49), Area, Item Code, Item Code (CPC)..., 616 distinct items",import value
FAO,Trade_CropsLivestock_E_AreaCodes.csv,M49 Code,M49 Code,,wide,"Columns: Area Code, M49 Code, Area...",m49 code
FAO,Trade_CropsLivestock_E_Elements.csv,Import quantity,Import quantity,,long (Element per row),"File structure: Element Code, Element...",import quantity
FAO,Trade_CropsLivestock_E_Elements.csv,Export quantity,Export quantity,,long (Element per row),"File structure: Element Code, Element...",export quantity
FAO,Trade_CropsLivestock_E_Elements.csv,Export value,Export value,,long (Element per row),"File structure: Element Code, Element...",export value
FAO,Trade_CropsLivestock_E_Elements.csv,Import value,Import value,,long (Element per row),"File structure: Element Code, Element...",import value
FAO,Trade_CropsLivestock_E_Flags.csv, Description, Description,,wide,"Columns: Flag,  Description...", description
FAO,Trade_CropsLivestock_E_ItemCodes.csv,Item Code,Item Code,,wide,"Columns: Item Code, CPC Code, Item...",item code
FAO,Trade_CropsLivestock_E_ItemCodes.csv,CPC Code,CPC Code,,wide,"Columns: Item Code, CPC Code, Item...",cpc code
FAO,Trade_CropsLivestock_E_ItemCodes.csv,Item,Item,,wide,"Columns: Item Code, CPC Code, Item...",item
FAO,Trade_Indices_E_All_Data_(Normalized).csv,Export Value Index (2014-2016 = 100),Export Value Index (2014-2016 = 100),,long (Element per row),"File structure: Area Code, Area Code (M49), Area, Item Code, Item Code (CPC)..., 188 distinct items",export value index (2014-2016 = 100)
FAO,Trade_Indices_E_All_Data_(Normalized).csv,Import Quantity Index (2014-2016 = 100),Import Quantity Index (2014-2016 = 100),,long (Element per row),"File structure: Area Code, Area Code (M49), Area, Item Code, Item Code (CPC)..., 184 distinct items",import quantity index (2014-2016 = 100)
FAO,Trade_Indices_E_All_Data_(Normalized).csv,Export Quantity Index (2014-2016 = 100),Export Quantity Index (2014-2016 = 100),,long (Element per row),"File structure: Area Code, Area Code (M49), Area, Item Code, Item Code (CPC)..., 184 distinct items",export quantity index (2014-2016 = 100)
FAO,Trade_Indices_E_All_Data_(Normalized).csv,Import Unit/Value Index (2014-2016 = 100),Import Unit/Value Index (2014-2016 = 100),,long (Element per row),"File structure: Area Code, Area Code (M49), Area, Item Code, Item Code (CPC)..., 184 distinct items",import unit/value index (2014-2016 = 100)
FAO,Trade_Indices_E_All_Data_(Normalized).csv,Export Unit/Value Index (2014-2016 = 100),Export Unit/Value Index (2014-2016 = 100),,long (Element per row),"File structure: Area Code, Area Code (M49), Area, Item Code, Item Code (CPC)..., 184 distinct items",export unit/value index (2014-2016 = 100)
FAO,Trade_Indices_E_All_Data_(Normalized).csv,Import Value Index (2014-2016 = 100),Import Value Index (2014-2016 = 100),,long (Element per row),"File structure: Area Code, Area Code (M49), Area, Item Code, Item Code (CPC)..., 188 distinct items",import value index (2014-2016 = 100)
FAO,Trade_Indices_E_AreaCodes.csv,M49 Code,M49 Code,,wide,"Columns: Area Code, M49 Code, Area...",m49 code
FAO,Trade_Indices_E_Elements.csv,Export Value Index (2014-2016 = 100),Export Value Index (2014-2016 = 100),,long (Element per row),"File structure: Element Code, Element...",export value index (2014-2016 = 100)
FAO,Trade_Indices_E_Elements.csv,Import Quantity Index (2014-2016 = 100),Import Quantity Index (2014-2016 = 100),,long (Element per row),"File structure: Element Code, Element...",import quantity index (2014-2016 = 100)
FAO,Trade_Indices_E_Elements.csv,Export Quantity Index (2014-2016 = 100),Export Quantity Index (2014-2016 = 100),,long (Element per row),"File structure: Element Code, Element...",export quantity index (2014-2016 = 100)
FAO,Trade_Indices_E_Elements.csv,Import Unit/Value Index (2014-2016 = 100),Import Unit/Value Index (2014-2016 = 100),,long (Element per row),"File structure: Element Code, Element...",import unit/value index (2014-2016 = 100)
FAO,Trade_Indices_E_Elements.csv,Export Unit/Value Index (2014-2016 = 100),Export Unit/Value Index (2014-2016 = 100),,long (Element per row),"File structure: Element Code, Element...",export unit/value index (2014-2016 = 100)
FAO,Trade_Indices_E_Elements.csv,Import Value Index (2014-2016 = 100),Import Value Index (2014-2016 = 100),,long (Element per row),"File structure: Element Code, Element...",import value index (2014-2016 = 100)
FAO,Trade_Indices_E_Flags.csv, Description, Description,,wide,"Columns: Flag,  Description...", description
FAO,Trade_Indices_E_ItemCodes.csv,Item Code,Item Code,,wide,"Columns: Item Code, CPC Code, Item...",item code
FAO,Trade_Indices_E_ItemCodes.csv,CPC Code,CPC Code,,wide,"Columns: Item Code, CPC Code, Item...",cpc code
FAO,Trade_Indices_E_ItemCodes.csv,Item,Item,,wide,"Columns: Item Code, CPC Code, Item...",item
FAO,Value_of_Production_E_All_Data_(Normalized).csv,Gross Production Value (constant 2014-2016 thousand US$),Gross Production Value (constant 2014-2016 thousand US$),1000 USD,long (Element per row),"File structure: Area Code, Area Code (M49), Area, Item Code, Item Code (CPC)..., 220 distinct items",gross production value (constant 2014-2016 thousand us$)
FAO,Value_of_Production_E_All_Data_(Normalized).csv,Gross Production Value (constant 2014-2016 thousand I$),Gross Production Value (constant 2014-2016 thousand I$),1000 Int$,long (Element per row),"File structure: Area Code, Area Code (M49), Area, Item Code, Item Code (CPC)..., 201 distinct items",gross production value (constant 2014-2016 thousand i$)
FAO,Value_of_Production_E_All_Data_(Normalized).csv,Gross Production Value (current thousand SLC),Gross Production Value (current thousand SLC),1000 SLC,long (Element per row),"File structure: Area Code, Area Code (M49), Area, Item Code, Item Code (CPC)..., 200 distinct items",gross production value (current thousand slc)
FAO,Value_of_Production_E_All_Data_(Normalized).csv,Gross Production Value (current thousand US$),Gross Production Value (current thousand US$),1000 USD,long (Element per row),"File structure: Area Code, Area Code (M49), Area, Item Code, Item Code (CPC)..., 200 distinct items",gross production value (current thousand us$)
FAO,Value_of_Production_E_All_Data_(Normalized).csv,Gross Production Value (constant 2014-2016 thousand SLC),Gross Production Value (constant 2014-2016 thousand SLC),1000 SLC,long (Element per row),"File structure: Area Code, Area Code (M49), Area, Item Code, Item Code (CPC)..., 220 distinct items",gross production value (constant 2014-2016 thousand slc)
FAO,Value_of_Production_E_AreaCodes.csv,M49 Code,M49 Code,,wide,"Columns: Area Code, M49 Code, Area...",m49 code
FAO,Value_of_Production_E_Elements.csv,Gross Production Value (constant 2014-2016 thousand US$),Gross Production Value (constant 2014-2016 thousand US$),,long (Element per row),"File structure: Element Code, Element...",gross production value (constant 2014-2016 thousand us$)
FAO,Value_of_Production_E_Elements.csv,Gross Production Value (constant 2014-2016 thousand I$),Gross Production Value (constant 2014-2016 thousand I$),,long (Element per row),"File structure: Element Code, Element...",gross production value (constant 2014-2016 thousand i$)
FAO,Value_of_Production_E_Elements.csv,Gross Production Value (current thousand SLC),Gross Production Value (current thousand SLC),,long (Element per row),"File structure: Element Code, Element...",gross production value (current thousand slc)
FAO,Value_of_Production_E_Elements.csv,Gross Production Value (current thousand US$),Gross Production Value (current thousand US$),,long (Element per row),"File structure: Element Code, Element...",gross production value (current thousand us$)
FAO,Value_of_Production_E_Elements.csv,Gross Production Value (constant 2014-2016 thousand SLC),Gross Production Value (constant 2014-2016 thousand SLC),,long (Element per row),"File structure: Element Code, Element...",gross production value (constant 2014-2016 thousand slc)
FAO,Value_of_Production_E_Flags.csv, Description, Description,,wide,"Columns: Flag,  Description...", description
FAO,Value_of_Production_E_ItemCodes.csv,Item Code,Item Code,,wide,"Columns: Item Code, CPC Code, Item...",item code
FAO,Value_of_Production_E_ItemCodes.csv,CPC Code,CPC Code,,wide,"Columns: Item Code, CPC Code, Item...",cpc code
FAO,Value_of_Production_E_ItemCodes.csv,Item,Item,,wide,"Columns: Item Code, CPC Code, Item...",item
UNU-WIDER,UNUWIDERGRD_2025 - Merged,Total_Revenue_Excluding_Grants,Total_Revenue_Excluding_Grants,,wide,Sheet type: UNUWIDERGRD_2025::Merged,total_revenue_excluding_grants
UNU-WIDER,UNUWIDERGRD_2025 - Merged,Total_Revenue_Excluding_Grants1,Total_Revenue_Excluding_Grants1,,wide,Sheet type: UNUWIDERGRD_2025::Merged,total_revenue_excluding_grants1
UNU-WIDER,UNUWIDERGRD_2025 - Merged,Taxes_Excluding_SC,Taxes_Excluding_SC,,wide,Sheet type: UNUWIDERGRD_2025::Merged,taxes_excluding_sc
UNU-WIDER,UNUWIDERGRD_2025 - Merged,NonResource_Tax_Excluding_SC,NonResource_Tax_Excluding_SC,,wide,Sheet type: UNUWIDERGRD_2025::Merged,nonresource_tax_excluding_sc
UNU-WIDER,UNUWIDERGRD_2025 - Merged,Direct_Taxes_Excluding_SC,Direct_Taxes_Excluding_SC,,wide,Sheet type: UNUWIDERGRD_2025::Merged,direct_taxes_excluding_sc
UNU-WIDER,UNUWIDERGRD_2025 - Merged,Direct_Taxes_Excluding_SC1,Direct_Taxes_Excluding_SC1,,wide,Sheet type: UNUWIDERGRD_2025::Merged,direct_taxes_excluding_sc1
UNU-WIDER,UNUWIDERGRD_2025 - Merged,Indirect_Taxes_Total,Indirect_Taxes_Total,,wide,Sheet type: UNUWIDERGRD_2025::Merged,indirect_taxes_total
UNU-WIDER,UNUWIDERGRD_2025 - Merged,Indirect_Taxes_Resource_Component,Indirect_Taxes_Resource_Component,,wide,Sheet type: UNUWIDERGRD_2025::Merged,indirect_taxes_resource_component
UNU-WIDER,UNUWIDERGRD_2025 - Merged,Indirect_Taxes_NonResource_Component,Indirect_Taxes_NonResource_Component,,wide,Sheet type: UNUWIDERGRD_2025::Merged,indirect_taxes_nonresource_component
UNU-WIDER,UNUWIDERGRD_2025 - Merged,Taxes_on_Goods_and_Services_Total,Taxes_on_Goods_and_Services_Total,,wide,Sheet type: UNUWIDERGRD_2025::Merged,taxes_on_goods_and_services_total
UNU-WIDER,UNUWIDERGRD_2025 - Merged,Taxes_on_Goods_and_Services_ow_General_Sales_VAT_Turnover_TFCT,Taxes_on_Goods_and_Services_ow_General_Sales_VAT_Turnover_TFCT,,wide,Sheet type: UNUWIDERGRD_2025::Merged,taxes_on_goods_and_services_ow_general_sales_vat_turnover_tfct
UNU-WIDER,UNUWIDERGRD_2025 - Merged,Taxes_on_Goods_and_Services_VAT,Taxes_on_Goods_and_Services_VAT,,wide,Sheet type: UNUWIDERGRD_2025::Merged,taxes_on_goods_and_services_vat
UNU-WIDER,UNUWIDERGRD_2025 - Merged,Taxes_on_Goods_and_Services_ow_Excises,Taxes_on_Goods_and_Services_ow_Excises,,wide,Sheet type: UNUWIDERGRD_2025::Merged,taxes_on_goods_and_services_ow_excises
UNU-WIDER,UNUWIDERGRD_2025 - Merged,Taxes_on_International_Trade_Total,Taxes_on_International_Trade_Total,,wide,Sheet type: UNUWIDERGRD_2025::Merged,taxes_on_international_trade_total
UNU-WIDER,UNUWIDERGRD_2025 - Merged,Taxes_on_International_Trade_ow_Import,Taxes_on_International_Trade_ow_Import,,wide,Sheet type: UNUWIDERGRD_2025::Merged,taxes_on_international_trade_ow_import
UNU-WIDER,UNUWIDERGRD_2025 - Merged,Taxes_on_International_Trade_ow_Export,Taxes_on_International_Trade_ow_Export,,wide,Sheet type: UNUWIDERGRD_2025::Merged,taxes_on_international_trade_ow_export
UNU-WIDER,UNUWIDERGRD_2025 - Merged,NonTax_Revenue_Total,NonTax_Revenue_Total,,wide,Sheet type: UNUWIDERGRD_2025::Merged,nontax_revenue_total
UNU-WIDER,UNUWIDERGRD_2025 - Merged,NonTax_Revenue_Resource_Component,NonTax_Revenue_Resource_Component,,wide,Sheet type: UNUWIDERGRD_2025::Merged,nontax_revenue_resource_component
UNU-WIDER,UNUWIDERGRD_2025 - Merged,NonTax_Revenue_NonResource_Component,NonTax_Revenue_NonResource_Component,,wide,Sheet type: UNUWIDERGRD_2025::Merged,nontax_revenue_nonresource_component
UNU-WIDER,UNUWIDERGRD_2025 - General,Database_source_Unnamed_1_level_1,Database_source_Unnamed_1_level_1,,wide,Sheet type: UNUWIDERGRD_2025::General,database_source_unnamed_1_level_1
UNU-WIDER,UNUWIDERGRD_2025 - General,GDP_LCU_mn_Unnamed_5_level_1,GDP_LCU_mn_Unnamed_5_level_1,,wide,Sheet type: UNUWIDERGRD_2025::General,gdp_lcu_mn_unnamed_5_level_1
UNU-WIDER,UNUWIDERGRD_2025 - General,General_Notes_Unnamed_8_level_1,General_Notes_Unnamed_8_level_1,,wide,Sheet type: UNUWIDERGRD_2025::General,general_notes_unnamed_8_level_1
UNU-WIDER,UNUWIDERGRD_2025 - General,Caution1_Accuracy_Quality_or_Comparability_of_data_is_questionable_Unnamed_9_level_1,Caution1_Accuracy_Quality_or_Comparability_of_data_is_questionable_Unnamed_9_level_1,,wide,Sheet type: UNUWIDERGRD_2025::General,caution1_accuracy_quality_or_comparability_of_data_is_questionable_unnamed_9_level_1
UNU-WIDER,UNUWIDERGRD_2025 - General,Caution_1_Notes_Unnamed_10_level_1,Caution_1_Notes_Unnamed_10_level_1,,wide,Sheet type: UNUWIDERGRD_2025::General,caution_1_notes_unnamed_10_level_1
UNU-WIDER,UNUWIDERGRD_2025 - General,Caution3_Unexcluded_Resource_Revenue_are_Marginal_but_NonNegligible_Unnamed_12_level_1,Caution3_Unexcluded_Resource_Revenue_are_Marginal_but_NonNegligible_Unnamed_12_level_1,,wide,Sheet type: UNUWIDERGRD_2025::General,caution3_unexcluded_resource_revenue_are_marginal_but_nonnegligible_unnamed_12_level_1
UNU-WIDER,UNUWIDERGRD_2025 - General,Resource_Revenue_Notes_Unnamed_13_level_1,Resource_Revenue_Notes_Unnamed_13_level_1,,wide,Sheet type: UNUWIDERGRD_2025::General,resource_revenue_notes_unnamed_13_level_1
UNU-WIDER,UNUWIDERGRD_2025 - General,Social_contributions_notes_Unnamed_15_level_1,Social_contributions_notes_Unnamed_15_level_1,,wide,Sheet type: UNUWIDERGRD_2025::General,social_contributions_notes_unnamed_15_level_1
UNU-WIDER,UNUWIDERGRD_2025 - General,Total_Revenue_Excluding_Grants,Total_Revenue_Excluding_Grants,,wide,Sheet type: UNUWIDERGRD_2025::General,total_revenue_excluding_grants
UNU-WIDER,UNUWIDERGRD_2025 - General,Total_Revenue_Excluding_Grants1,Total_Revenue_Excluding_Grants1,,wide,Sheet type: UNUWIDERGRD_2025::General,total_revenue_excluding_grants1
UNU-WIDER,UNUWIDERGRD_2025 - General,Total_Resource_Revenue_Unnamed_20_level_1,Total_Resource_Revenue_Unnamed_20_level_1,,wide,Sheet type: UNUWIDERGRD_2025::General,total_resource_revenue_unnamed_20_level_1
UNU-WIDER,UNUWIDERGRD_2025 - General,Taxes_Excluding_SC,Taxes_Excluding_SC,,wide,Sheet type: UNUWIDERGRD_2025::General,taxes_excluding_sc
UNU-WIDER,UNUWIDERGRD_2025 - General,Resource_Taxes_Unnamed_24_level_1,Resource_Taxes_Unnamed_24_level_1,,wide,Sheet type: UNUWIDERGRD_2025::General,resource_taxes_unnamed_24_level_1
UNU-WIDER,UNUWIDERGRD_2025 - General,NonResource_Tax_Excluding_SC,NonResource_Tax_Excluding_SC,,wide,Sheet type: UNUWIDERGRD_2025::General,nonresource_tax_excluding_sc
UNU-WIDER,UNUWIDERGRD_2025 - General,Direct_Taxes_Excluding_SC,Direct_Taxes_Excluding_SC,,wide,Sheet type: UNUWIDERGRD_2025::General,direct_taxes_excluding_sc
UNU-WIDER,UNUWIDERGRD_2025 - General,Direct_Taxes_Excluding_SC1,Direct_Taxes_Excluding_SC1,,wide,Sheet type: UNUWIDERGRD_2025::General,direct_taxes_excluding_sc1
UNU-WIDER,UNUWIDERGRD_2025 - General,Taxes_on_Payroll_Workforce_Unnamed_38_level_1,Taxes_on_Payroll_Workforce_Unnamed_38_level_1,,wide,Sheet type: UNUWIDERGRD_2025::General,taxes_on_payroll_workforce_unnamed_38_level_1
UNU-WIDER,UNUWIDERGRD_2025 - General,Property_Taxes_Unnamed_39_level_1,Property_Taxes_Unnamed_39_level_1,,wide,Sheet type: UNUWIDERGRD_2025::General,property_taxes_unnamed_39_level_1
UNU-WIDER,UNUWIDERGRD_2025 - General,Indirect_Taxes_Total,Indirect_Taxes_Total,,wide,Sheet type: UNUWIDERGRD_2025::General,indirect_taxes_total
UNU-WIDER,UNUWIDERGRD_2025 - General,Indirect_Taxes_Resource_Component,Indirect_Taxes_Resource_Component,,wide,Sheet type: UNUWIDERGRD_2025::General,indirect_taxes_resource_component
UNU-WIDER,UNUWIDERGRD_2025 - General,Taxes_on_Goods_and_Services_NonResource_Component,Taxes_on_Goods_and_Services_NonResource_Component,,wide,Sheet type: UNUWIDERGRD_2025::General,taxes_on_goods_and_services_nonresource_component
UNU-WIDER,UNUWIDERGRD_2025 - General,Taxes_on_Goods_and_Services_Total,Taxes_on_Goods_and_Services_Total,,wide,Sheet type: UNUWIDERGRD_2025::General,taxes_on_goods_and_services_total
UNU-WIDER,UNUWIDERGRD_2025 - General,Taxes_on_Goods_and_Services_ow_General_Sales_VAT_Turnover_TFCT,Taxes_on_Goods_and_Services_ow_General_Sales_VAT_Turnover_TFCT,,wide,Sheet type: UNUWIDERGRD_2025::General,taxes_on_goods_and_services_ow_general_sales_vat_turnover_tfct
UNU-WIDER,UNUWIDERGRD_2025 - General,Taxes_on_Goods_and_Services_VAT,Taxes_on_Goods_and_Services_VAT,,wide,Sheet type: UNUWIDERGRD_2025::General,taxes_on_goods_and_services_vat
UNU-WIDER,UNUWIDERGRD_2025 - General,Taxes_on_Goods_and_Services_ow_Excises,Taxes_on_Goods_and_Services_ow_Excises,,wide,Sheet type: UNUWIDERGRD_2025::General,taxes_on_goods_and_services_ow_excises
UNU-WIDER,UNUWIDERGRD_2025 - General,Taxes_on_International_Trade_Total,Taxes_on_International_Trade_Total,,wide,Sheet type: UNUWIDERGRD_2025::General,taxes_on_international_trade_total
UNU-WIDER,UNUWIDERGRD_2025 - General,Taxes_on_International_Trade_ow_Import,Taxes_on_International_Trade_ow_Import,,wide,Sheet type: UNUWIDERGRD_2025::General,taxes_on_international_trade_ow_import
UNU-WIDER,UNUWIDERGRD_2025 - General,Taxes_on_International_Trade_ow_Export,Taxes_on_International_Trade_ow_Export,,wide,Sheet type: UNUWIDERGRD_2025::General,taxes_on_international_trade_ow_export
UNU-WIDER,UNUWIDERGRD_2025 - General,Other_Taxes_Unnamed_50_level_1,Other_Taxes_Unnamed_50_level_1,,wide,Sheet type: UNUWIDERGRD_2025::General,other_taxes_unnamed_50_level_1
UNU-WIDER,UNUWIDERGRD_2025 - General,NonTax_Revenue_Total,NonTax_Revenue_Total,,wide,Sheet type: UNUWIDERGRD_2025::General,nontax_revenue_total
UNU-WIDER,UNUWIDERGRD_2025 - General,NonTax_Revenue_Resource_Component,NonTax_Revenue_Resource_Component,,wide,Sheet type: UNUWIDERGRD_2025::General,nontax_revenue_resource_component
UNU-WIDER,UNUWIDERGRD_2025 - General,NonTax_Revenue_NonResource_Component,NonTax_Revenue_NonResource_Component,,wide,Sheet type: UNUWIDERGRD_2025::General,nontax_revenue_nonresource_component
UNU-WIDER,UNUWIDERGRD_2025 - General,Social_Contributions_Unnamed_54_level_1,Social_Contributions_Unnamed_54_level_1,,wide,Sheet type: UNUWIDERGRD_2025::General,social_contributions_unnamed_54_level_1
UNU-WIDER,UNUWIDERGRD_2025 - General,Grants_Unnamed_55_level_1,Grants_Unnamed_55_level_1,,wide,Sheet type: UNUWIDERGRD_2025::General,grants_unnamed_55_level_1
UNU-WIDER,UNUWIDERGRD_2025 - Central,Database_source_Unnamed_1_level_1,Database_source_Unnamed_1_level_1,,wide,Sheet type: UNUWIDERGRD_2025::Central,database_source_unnamed_1_level_1
UNU-WIDER,UNUWIDERGRD_2025 - Central,GDP_LCU_mn_Unnamed_5_level_1,GDP_LCU_mn_Unnamed_5_level_1,,wide,Sheet type: UNUWIDERGRD_2025::Central,gdp_lcu_mn_unnamed_5_level_1
UNU-WIDER,UNUWIDERGRD_2025 - Central,General_Notes_Unnamed_8_level_1,General_Notes_Unnamed_8_level_1,,wide,Sheet type: UNUWIDERGRD_2025::Central,general_notes_unnamed_8_level_1
UNU-WIDER,UNUWIDERGRD_2025 - Central,Caution1_Accuracy_Quality_or_Comparability_of_data_is_questionable_Unnamed_9_level_1,Caution1_Accuracy_Quality_or_Comparability_of_data_is_questionable_Unnamed_9_level_1,,wide,Sheet type: UNUWIDERGRD_2025::Central,caution1_accuracy_quality_or_comparability_of_data_is_questionable_unnamed_9_level_1
UNU-WIDER,UNUWIDERGRD_2025 - Central,Caution_1_Notes_Unnamed_10_level_1,Caution_1_Notes_Unnamed_10_level_1,,wide,Sheet type: UNUWIDERGRD_2025::Central,caution_1_notes_unnamed_10_level_1
UNU-WIDER,UNUWIDERGRD_2025 - Central,Caution3_Unexcluded_Resource_Revenue_are_Marginal_but_NonNegligible_Unnamed_12_level_1,Caution3_Unexcluded_Resource_Revenue_are_Marginal_but_NonNegligible_Unnamed_12_level_1,,wide,Sheet type: UNUWIDERGRD_2025::Central,caution3_unexcluded_resource_revenue_are_marginal_but_nonnegligible_unnamed_12_level_1
UNU-WIDER,UNUWIDERGRD_2025 - Central,Resource_Revenue_Notes_Unnamed_13_level_1,Resource_Revenue_Notes_Unnamed_13_level_1,,wide,Sheet type: UNUWIDERGRD_2025::Central,resource_revenue_notes_unnamed_13_level_1
UNU-WIDER,UNUWIDERGRD_2025 - Central,Social_contributions_notes_Unnamed_15_level_1,Social_contributions_notes_Unnamed_15_level_1,,wide,Sheet type: UNUWIDERGRD_2025::Central,social_contributions_notes_unnamed_15_level_1
UNU-WIDER,UNUWIDERGRD_2025 - Central,Total_Revenue_Excluding_Grants,Total_Revenue_Excluding_Grants,,wide,Sheet type: UNUWIDERGRD_2025::Central,total_revenue_excluding_grants
UNU-WIDER,UNUWIDERGRD_2025 - Central,Total_Revenue_Excluding_Grants1,Total_Revenue_Excluding_Grants1,,wide,Sheet type: UNUWIDERGRD_2025::Central,total_revenue_excluding_grants1
UNU-WIDER,UNUWIDERGRD_2025 - Central,Total_Resource_Revenue_Unnamed_20_level_1,Total_Resource_Revenue_Unnamed_20_level_1,,wide,Sheet type: UNUWIDERGRD_2025::Central,total_resource_revenue_unnamed_20_level_1
UNU-WIDER,UNUWIDERGRD_2025 - Central,Taxes_Excluding_SC,Taxes_Excluding_SC,,wide,Sheet type: UNUWIDERGRD_2025::Central,taxes_excluding_sc
UNU-WIDER,UNUWIDERGRD_2025 - Central,Resource_Taxes_Unnamed_24_level_1,Resource_Taxes_Unnamed_24_level_1,,wide,Sheet type: UNUWIDERGRD_2025::Central,resource_taxes_unnamed_24_level_1
UNU-WIDER,UNUWIDERGRD_2025 - Central,NonResource_Tax_Excluding_SC,NonResource_Tax_Excluding_SC,,wide,Sheet type: UNUWIDERGRD_2025::Central,nonresource_tax_excluding_sc
UNU-WIDER,UNUWIDERGRD_2025 - Central,Direct_Taxes_Excluding_SC,Direct_Taxes_Excluding_SC,,wide,Sheet type: UNUWIDERGRD_2025::Central,direct_taxes_excluding_sc
UNU-WIDER,UNUWIDERGRD_2025 - Central,Direct_Taxes_Excluding_SC1,Direct_Taxes_Excluding_SC1,,wide,Sheet type: UNUWIDERGRD_2025::Central,direct_taxes_excluding_sc1
UNU-WIDER,UNUWIDERGRD_2025 - Central,Taxes_on_Payroll_Workforce_Unnamed_38_level_1,Taxes_on_Payroll_Workforce_Unnamed_38_level_1,,wide,Sheet type: UNUWIDERGRD_2025::Central,taxes_on_payroll_workforce_unnamed_38_level_1
UNU-WIDER,UNUWIDERGRD_2025 - Central,Property_Taxes_Unnamed_39_level_1,Property_Taxes_Unnamed_39_level_1,,wide,Sheet type: UNUWIDERGRD_2025::Central,property_taxes_unnamed_39_level_1
UNU-WIDER,UNUWIDERGRD_2025 - Central,Indirect_Taxes_Total,Indirect_Taxes_Total,,wide,Sheet type: UNUWIDERGRD_2025::Central,indirect_taxes_total
UNU-WIDER,UNUWIDERGRD_2025 - Central,Indirect_Taxes_Resource_Component,Indirect_Taxes_Resource_Component,,wide,Sheet type: UNUWIDERGRD_2025::Central,indirect_taxes_resource_component
UNU-WIDER,UNUWIDERGRD_2025 - Central,Taxes_on_Goods_and_Services_NonResource_Component,Taxes_on_Goods_and_Services_NonResource_Component,,wide,Sheet type: UNUWIDERGRD_2025::Central,taxes_on_goods_and_services_nonresource_component
UNU-WIDER,UNUWIDERGRD_2025 - Central,Taxes_on_Goods_and_Services_Total,Taxes_on_Goods_and_Services_Total,,wide,Sheet type: UNUWIDERGRD_2025::Central,taxes_on_goods_and_services_total
UNU-WIDER,UNUWIDERGRD_2025 - Central,Taxes_on_Goods_and_Services_ow_General_Sales_VAT_Turnover_TFCT,Taxes_on_Goods_and_Services_ow_General_Sales_VAT_Turnover_TFCT,,wide,Sheet type: UNUWIDERGRD_2025::Central,taxes_on_goods_and_services_ow_general_sales_vat_turnover_tfct
UNU-WIDER,UNUWIDERGRD_2025 - Central,Taxes_on_Goods_and_Services_VAT,Taxes_on_Goods_and_Services_VAT,,wide,Sheet type: UNUWIDERGRD_2025::Central,taxes_on_goods_and_services_vat
UNU-WIDER,UNUWIDERGRD_2025 - Central,Taxes_on_Goods_and_Services_ow_Excises,Taxes_on_Goods_and_Services_ow_Excises,,wide,Sheet type: UNUWIDERGRD_2025::Central,taxes_on_goods_and_services_ow_excises
UNU-WIDER,UNUWIDERGRD_2025 - Central,Taxes_on_International_Trade_Total,Taxes_on_International_Trade_Total,,wide,Sheet type: UNUWIDERGRD_2025::Central,taxes_on_international_trade_total
UNU-WIDER,UNUWIDERGRD_2025 - Central,Taxes_on_International_Trade_ow_Import,Taxes_on_International_Trade_ow_Import,,wide,Sheet type: UNUWIDERGRD_2025::Central,taxes_on_international_trade_ow_import
UNU-WIDER,UNUWIDERGRD_2025 - Central,Taxes_on_International_Trade_ow_Export,Taxes_on_International_Trade_ow_Export,,wide,Sheet type: UNUWIDERGRD_2025::Central,taxes_on_international_trade_ow_export
UNU-WIDER,UNUWIDERGRD_2025 - Central,Other_Taxes_Unnamed_50_level_1,Other_Taxes_Unnamed_50_level_1,,wide,Sheet type: UNUWIDERGRD_2025::Central,other_taxes_unnamed_50_level_1
UNU-WIDER,UNUWIDERGRD_2025 - Central,NonTax_Revenue_Total,NonTax_Revenue_Total,,wide,Sheet type: UNUWIDERGRD_2025::Central,nontax_revenue_total
UNU-WIDER,UNUWIDERGRD_2025 - Central,NonTax_Revenue_Resource_Component,NonTax_Revenue_Resource_Component,,wide,Sheet type: UNUWIDERGRD_2025::Central,nontax_revenue_resource_component
UNU-WIDER,UNUWIDERGRD_2025 - Central,NonTax_Revenue_NonResource_Component,NonTax_Revenue_NonResource_Component,,wide,Sheet type: UNUWIDERGRD_2025::Central,nontax_revenue_nonresource_component
UNU-WIDER,UNUWIDERGRD_2025 - Central,Social_Contributions_Unnamed_54_level_1,Social_Contributions_Unnamed_54_level_1,,wide,Sheet type: UNUWIDERGRD_2025::Central,social_contributions_unnamed_54_level_1
UNU-WIDER,UNUWIDERGRD_2025 - Central,Grants_Unnamed_55_level_1,Grants_Unnamed_55_level_1,,wide,Sheet type: UNUWIDERGRD_2025::Central,grants_unnamed_55_level_1
UNU-WIDER,UNUWIDERGRD_2025 - Common GDP Series,GDP_lcu_mn_IMF_WEO_Unnamed_3_level_1,GDP_lcu_mn_IMF_WEO_Unnamed_3_level_1,,wide,Sheet type: UNUWIDERGRD_2025::Common GDP Series,gdp_lcu_mn_imf_weo_unnamed_3_level_1
UNU-WIDER,UNUWIDERGRD_2025_Central - LCU,Database_source_Unnamed_0_level_1,Database_source_Unnamed_0_level_1,,wide,Sheet type: UNUWIDERGRD_2025_Central::LCU,database_source_unnamed_0_level_1
UNU-WIDER,UNUWIDERGRD_2025_Central - LCU,Government_Unnamed_1_level_1,Government_Unnamed_1_level_1,,wide,Sheet type: UNUWIDERGRD_2025_Central::LCU,government_unnamed_1_level_1
UNU-WIDER,UNUWIDERGRD_2025_Central - LCU,datastatuscode_Unnamed_2_level_1,datastatuscode_Unnamed_2_level_1,,wide,Sheet type: UNUWIDERGRD_2025_Central::LCU,datastatuscode_unnamed_2_level_1
UNU-WIDER,UNUWIDERGRD_2025_Central - LCU,Data_status_Unnamed_7_level_1,Data_status_Unnamed_7_level_1,,wide,Sheet type: UNUWIDERGRD_2025_Central::LCU,data_status_unnamed_7_level_1
UNU-WIDER,UNUWIDERGRD_2025_Central - LCU,currency_Unnamed_13_level_1,currency_Unnamed_13_level_1,,wide,Sheet type: UNUWIDERGRD_2025_Central::LCU,currency_unnamed_13_level_1
UNU-WIDER,UNUWIDERGRD_2025_Central - LCU,GDP_lcu_mn_Unnamed_14_level_1,GDP_lcu_mn_Unnamed_14_level_1,,wide,Sheet type: UNUWIDERGRD_2025_Central::LCU,gdp_lcu_mn_unnamed_14_level_1
UNU-WIDER,UNUWIDERGRD_2025_Central - LCU,Common_GDP_Series_Unnamed_15_level_1,Common_GDP_Series_Unnamed_15_level_1,,wide,Sheet type: UNUWIDERGRD_2025_Central::LCU,common_gdp_series_unnamed_15_level_1
UNU-WIDER,UNUWIDERGRD_2025_Central - LCU,Flag_1_if_substitute_GDP_0_if_leave_alone_Unnamed_16_level_1,Flag_1_if_substitute_GDP_0_if_leave_alone_Unnamed_16_level_1,,wide,Sheet type: UNUWIDERGRD_2025_Central::LCU,flag_1_if_substitute_gdp_0_if_leave_alone_unnamed_16_level_1
UNU-WIDER,UNUWIDERGRD_2025_Central - LCU,Revenue_Data_Scalar_Unnamed_17_level_1,Revenue_Data_Scalar_Unnamed_17_level_1,,wide,Sheet type: UNUWIDERGRD_2025_Central::LCU,revenue_data_scalar_unnamed_17_level_1
UNU-WIDER,UNUWIDERGRD_2025_Central - LCU,Total_Revenue_Excluding_Grants,Total_Revenue_Excluding_Grants,,wide,Sheet type: UNUWIDERGRD_2025_Central::LCU,total_revenue_excluding_grants
UNU-WIDER,UNUWIDERGRD_2025_Central - LCU,Total_Revenue_Excluding_Grants1,Total_Revenue_Excluding_Grants1,,wide,Sheet type: UNUWIDERGRD_2025_Central::LCU,total_revenue_excluding_grants1
UNU-WIDER,UNUWIDERGRD_2025_Central - LCU,Total_Resource_Revenue_Unnamed_22_level_1,Total_Resource_Revenue_Unnamed_22_level_1,,wide,Sheet type: UNUWIDERGRD_2025_Central::LCU,total_resource_revenue_unnamed_22_level_1
UNU-WIDER,UNUWIDERGRD_2025_Central - LCU,Taxes_Excluding_SC,Taxes_Excluding_SC,,wide,Sheet type: UNUWIDERGRD_2025_Central::LCU,taxes_excluding_sc
UNU-WIDER,UNUWIDERGRD_2025_Central - LCU,Resource_Taxes_Unnamed_26_level_1,Resource_Taxes_Unnamed_26_level_1,,wide,Sheet type: UNUWIDERGRD_2025_Central::LCU,resource_taxes_unnamed_26_level_1
UNU-WIDER,UNUWIDERGRD_2025_Central - LCU,NonResource_Tax_Excluding_SC,NonResource_Tax_Excluding_SC,,wide,Sheet type: UNUWIDERGRD_2025_Central::LCU,nonresource_tax_excluding_sc
UNU-WIDER,UNUWIDERGRD_2025_Central - LCU,Direct_Taxes_Excluding_SC,Direct_Taxes_Excluding_SC,,wide,Sheet type: UNUWIDERGRD_2025_Central::LCU,direct_taxes_excluding_sc
UNU-WIDER,UNUWIDERGRD_2025_Central - LCU,Direct_Taxes_Excluding_SC1,Direct_Taxes_Excluding_SC1,,wide,Sheet type: UNUWIDERGRD_2025_Central::LCU,direct_taxes_excluding_sc1
UNU-WIDER,UNUWIDERGRD_2025_Central - LCU,Taxes_on_Payroll_Workforce_Unnamed_40_level_1,Taxes_on_Payroll_Workforce_Unnamed_40_level_1,,wide,Sheet type: UNUWIDERGRD_2025_Central::LCU,taxes_on_payroll_workforce_unnamed_40_level_1
UNU-WIDER,UNUWIDERGRD_2025_Central - LCU,Property_Taxes_Unnamed_41_level_1,Property_Taxes_Unnamed_41_level_1,,wide,Sheet type: UNUWIDERGRD_2025_Central::LCU,property_taxes_unnamed_41_level_1
UNU-WIDER,UNUWIDERGRD_2025_Central - LCU,Indirect_Taxes_Total,Indirect_Taxes_Total,,wide,Sheet type: UNUWIDERGRD_2025_Central::LCU,indirect_taxes_total
UNU-WIDER,UNUWIDERGRD_2025_Central - LCU,Indirect_Taxes_Resource_Component,Indirect_Taxes_Resource_Component,,wide,Sheet type: UNUWIDERGRD_2025_Central::LCU,indirect_taxes_resource_component
UNU-WIDER,UNUWIDERGRD_2025_Central - LCU,Indirect_Taxes_NonResource_Component,Indirect_Taxes_NonResource_Component,,wide,Sheet type: UNUWIDERGRD_2025_Central::LCU,indirect_taxes_nonresource_component
UNU-WIDER,UNUWIDERGRD_2025_Central - LCU,Taxes_on_Goods_and_Services_Total,Taxes_on_Goods_and_Services_Total,,wide,Sheet type: UNUWIDERGRD_2025_Central::LCU,taxes_on_goods_and_services_total
UNU-WIDER,UNUWIDERGRD_2025_Central - LCU,Taxes_on_Goods_and_Services_ow_General_Sales_VAT_Turnover_TFCT,Taxes_on_Goods_and_Services_ow_General_Sales_VAT_Turnover_TFCT,,wide,Sheet type: UNUWIDERGRD_2025_Central::LCU,taxes_on_goods_and_services_ow_general_sales_vat_turnover_tfct
UNU-WIDER,UNUWIDERGRD_2025_Central - LCU,Taxes_on_Goods_and_Services_VAT,Taxes_on_Goods_and_Services_VAT,,wide,Sheet type: UNUWIDERGRD_2025_Central::LCU,taxes_on_goods_and_services_vat
UNU-WIDER,UNUWIDERGRD_2025_Central - LCU,Taxes_on_Goods_and_Services_ow_Excises,Taxes_on_Goods_and_Services_ow_Excises,,wide,Sheet type: UNUWIDERGRD_2025_Central::LCU,taxes_on_goods_and_services_ow_excises
UNU-WIDER,UNUWIDERGRD_2025_Central - LCU,Taxes_on_International_Trade_Total,Taxes_on_International_Trade_Total,,wide,Sheet type: UNUWIDERGRD_2025_Central::LCU,taxes_on_international_trade_total
UNU-WIDER,UNUWIDERGRD_2025_Central - LCU,Taxes_on_International_Trade_ow_Import,Taxes_on_International_Trade_ow_Import,,wide,Sheet type: UNUWIDERGRD_2025_Central::LCU,taxes_on_international_trade_ow_import
UNU-WIDER,UNUWIDERGRD_2025_Central - LCU,Taxes_on_International_Trade_ow_Export,Taxes_on_International_Trade_ow_Export,,wide,Sheet type: UNUWIDERGRD_2025_Central::LCU,taxes_on_international_trade_ow_export
UNU-WIDER,UNUWIDERGRD_2025_Central - LCU,Other_Taxes_Unnamed_52_level_1,Other_Taxes_Unnamed_52_level_1,,wide,Sheet type: UNUWIDERGRD_2025_Central::LCU,other_taxes_unnamed_52_level_1
UNU-WIDER,UNUWIDERGRD_2025_Central - LCU,NonTax_Revenue_Total,NonTax_Revenue_Total,,wide,Sheet type: UNUWIDERGRD_2025_Central::LCU,nontax_revenue_total
UNU-WIDER,UNUWIDERGRD_2025_Central - LCU,NonTax_Revenue_Resource_Component,NonTax_Revenue_Resource_Component,,wide,Sheet type: UNUWIDERGRD_2025_Central::LCU,nontax_revenue_resource_component
UNU-WIDER,UNUWIDERGRD_2025_Central - LCU,NonTax_Revenue_NonResource_Component,NonTax_Revenue_NonResource_Component,,wide,Sheet type: UNUWIDERGRD_2025_Central::LCU,nontax_revenue_nonresource_component
UNU-WIDER,UNUWIDERGRD_2025_Central - LCU,Social_Contributions_Unnamed_56_level_1,Social_Contributions_Unnamed_56_level_1,,wide,Sheet type: UNUWIDERGRD_2025_Central::LCU,social_contributions_unnamed_56_level_1
UNU-WIDER,UNUWIDERGRD_2025_Central - LCU,Grants_Unnamed_57_level_1,Grants_Unnamed_57_level_1,,wide,Sheet type: UNUWIDERGRD_2025_Central::LCU,grants_unnamed_57_level_1
UNU-WIDER,UNUWIDERGRD_2025_Central - LCU,General_Notes_Unnamed_58_level_1,General_Notes_Unnamed_58_level_1,,wide,Sheet type: UNUWIDERGRD_2025_Central::LCU,general_notes_unnamed_58_level_1
UNU-WIDER,UNUWIDERGRD_2025_Central - LCU,Caution1_Accuracy_Quality_or_Comparability_of_data_is_questionable_Unnamed_59_level_1,Caution1_Accuracy_Quality_or_Comparability_of_data_is_questionable_Unnamed_59_level_1,,wide,Sheet type: UNUWIDERGRD_2025_Central::LCU,caution1_accuracy_quality_or_comparability_of_data_is_questionable_unnamed_59_level_1
UNU-WIDER,UNUWIDERGRD_2025_Central - LCU,Caution_1_Notes_Unnamed_60_level_1,Caution_1_Notes_Unnamed_60_level_1,,wide,Sheet type: UNUWIDERGRD_2025_Central::LCU,caution_1_notes_unnamed_60_level_1
UNU-WIDER,UNUWIDERGRD_2025_Central - LCU,Caution3_Unexcluded_Resource_Revenue_are_Marginal_but_NonNegligible_Unnamed_62_level_1,Caution3_Unexcluded_Resource_Revenue_are_Marginal_but_NonNegligible_Unnamed_62_level_1,,wide,Sheet type: UNUWIDERGRD_2025_Central::LCU,caution3_unexcluded_resource_revenue_are_marginal_but_nonnegligible_unnamed_62_level_1
UNU-WIDER,UNUWIDERGRD_2025_Central - LCU,Resource_Revenue_Notes_Unnamed_63_level_1,Resource_Revenue_Notes_Unnamed_63_level_1,,wide,Sheet type: UNUWIDERGRD_2025_Central::LCU,resource_revenue_notes_unnamed_63_level_1
UNU-WIDER,UNUWIDERGRD_2025_Central - LCU,Social_contributions_notes_Unnamed_65_level_1,Social_contributions_notes_Unnamed_65_level_1,,wide,Sheet type: UNUWIDERGRD_2025_Central::LCU,social_contributions_notes_unnamed_65_level_1
UNU-WIDER,UNUWIDERGRD_2025_Central - PCTGDP,Database_source_Unnamed_0_level_1,Database_source_Unnamed_0_level_1,,wide,Sheet type: UNUWIDERGRD_2025_Central::PCTGDP,database_source_unnamed_0_level_1
UNU-WIDER,UNUWIDERGRD_2025_Central - PCTGDP,Government_Unnamed_1_level_1,Government_Unnamed_1_level_1,,wide,Sheet type: UNUWIDERGRD_2025_Central::PCTGDP,government_unnamed_1_level_1
UNU-WIDER,UNUWIDERGRD_2025_Central - PCTGDP,datastatuscode_Unnamed_2_level_1,datastatuscode_Unnamed_2_level_1,,wide,Sheet type: UNUWIDERGRD_2025_Central::PCTGDP,datastatuscode_unnamed_2_level_1
UNU-WIDER,UNUWIDERGRD_2025_Central - PCTGDP,Data_status_Unnamed_7_level_1,Data_status_Unnamed_7_level_1,,wide,Sheet type: UNUWIDERGRD_2025_Central::PCTGDP,data_status_unnamed_7_level_1
UNU-WIDER,UNUWIDERGRD_2025_Central - PCTGDP,currency_Unnamed_13_level_1,currency_Unnamed_13_level_1,,wide,Sheet type: UNUWIDERGRD_2025_Central::PCTGDP,currency_unnamed_13_level_1
UNU-WIDER,UNUWIDERGRD_2025_Central - PCTGDP,GDP_lcu_mn_Unnamed_14_level_1,GDP_lcu_mn_Unnamed_14_level_1,,wide,Sheet type: UNUWIDERGRD_2025_Central::PCTGDP,gdp_lcu_mn_unnamed_14_level_1
UNU-WIDER,UNUWIDERGRD_2025_Central - PCTGDP,Common_GDP_Series_Unnamed_15_level_1,Common_GDP_Series_Unnamed_15_level_1,,wide,Sheet type: UNUWIDERGRD_2025_Central::PCTGDP,common_gdp_series_unnamed_15_level_1
UNU-WIDER,UNUWIDERGRD_2025_Central - PCTGDP,Flag_1_if_substitute_GDP_0_if_leave_alone_Unnamed_16_level_1,Flag_1_if_substitute_GDP_0_if_leave_alone_Unnamed_16_level_1,,wide,Sheet type: UNUWIDERGRD_2025_Central::PCTGDP,flag_1_if_substitute_gdp_0_if_leave_alone_unnamed_16_level_1
UNU-WIDER,UNUWIDERGRD_2025_Central - PCTGDP,Revenue_Data_Scalar_Unnamed_17_level_1,Revenue_Data_Scalar_Unnamed_17_level_1,,wide,Sheet type: UNUWIDERGRD_2025_Central::PCTGDP,revenue_data_scalar_unnamed_17_level_1
UNU-WIDER,UNUWIDERGRD_2025_Central - PCTGDP,Total_Revenue_Excluding_Grants,Total_Revenue_Excluding_Grants,,wide,Sheet type: UNUWIDERGRD_2025_Central::PCTGDP,total_revenue_excluding_grants
UNU-WIDER,UNUWIDERGRD_2025_Central - PCTGDP,Total_Revenue_Excluding_Grants1,Total_Revenue_Excluding_Grants1,,wide,Sheet type: UNUWIDERGRD_2025_Central::PCTGDP,total_revenue_excluding_grants1
UNU-WIDER,UNUWIDERGRD_2025_Central - PCTGDP,Total_Resource_Revenue_Unnamed_22_level_1,Total_Resource_Revenue_Unnamed_22_level_1,,wide,Sheet type: UNUWIDERGRD_2025_Central::PCTGDP,total_resource_revenue_unnamed_22_level_1
UNU-WIDER,UNUWIDERGRD_2025_Central - PCTGDP,Taxes_Excluding_SC,Taxes_Excluding_SC,,wide,Sheet type: UNUWIDERGRD_2025_Central::PCTGDP,taxes_excluding_sc
UNU-WIDER,UNUWIDERGRD_2025_Central - PCTGDP,Resource_Taxes_Unnamed_26_level_1,Resource_Taxes_Unnamed_26_level_1,,wide,Sheet type: UNUWIDERGRD_2025_Central::PCTGDP,resource_taxes_unnamed_26_level_1
UNU-WIDER,UNUWIDERGRD_2025_Central - PCTGDP,NonResource_Tax_Excluding_SC,NonResource_Tax_Excluding_SC,,wide,Sheet type: UNUWIDERGRD_2025_Central::PCTGDP,nonresource_tax_excluding_sc
UNU-WIDER,UNUWIDERGRD_2025_Central - PCTGDP,Direct_Taxes_Excluding_SC,Direct_Taxes_Excluding_SC,,wide,Sheet type: UNUWIDERGRD_2025_Central::PCTGDP,direct_taxes_excluding_sc
UNU-WIDER,UNUWIDERGRD_2025_Central - PCTGDP,Direct_Taxes_Excluding_SC1,Direct_Taxes_Excluding_SC1,,wide,Sheet type: UNUWIDERGRD_2025_Central::PCTGDP,direct_taxes_excluding_sc1
UNU-WIDER,UNUWIDERGRD_2025_Central - PCTGDP,Taxes_on_Payroll_Workforce_Unnamed_40_level_1,Taxes_on_Payroll_Workforce_Unnamed_40_level_1,,wide,Sheet type: UNUWIDERGRD_2025_Central::PCTGDP,taxes_on_payroll_workforce_unnamed_40_level_1
UNU-WIDER,UNUWIDERGRD_2025_Central - PCTGDP,Property_Taxes_Unnamed_41_level_1,Property_Taxes_Unnamed_41_level_1,,wide,Sheet type: UNUWIDERGRD_2025_Central::PCTGDP,property_taxes_unnamed_41_level_1
UNU-WIDER,UNUWIDERGRD_2025_Central - PCTGDP,Indirect_Taxes_Total,Indirect_Taxes_Total,,wide,Sheet type: UNUWIDERGRD_2025_Central::PCTGDP,indirect_taxes_total
UNU-WIDER,UNUWIDERGRD_2025_Central - PCTGDP,Indirect_Taxes_Resource_Component,Indirect_Taxes_Resource_Component,,wide,Sheet type: UNUWIDERGRD_2025_Central::PCTGDP,indirect_taxes_resource_component
UNU-WIDER,UNUWIDERGRD_2025_Central - PCTGDP,Indirect_Taxes_NonResource_Component,Indirect_Taxes_NonResource_Component,,wide,Sheet type: UNUWIDERGRD_2025_Central::PCTGDP,indirect_taxes_nonresource_component
UNU-WIDER,UNUWIDERGRD_2025_Central - PCTGDP,Taxes_on_Goods_and_Services_Total,Taxes_on_Goods_and_Services_Total,,wide,Sheet type: UNUWIDERGRD_2025_Central::PCTGDP,taxes_on_goods_and_services_total
UNU-WIDER,UNUWIDERGRD_2025_Central - PCTGDP,Taxes_on_Goods_and_Services_ow_General_Sales_VAT_Turnover_TFCT,Taxes_on_Goods_and_Services_ow_General_Sales_VAT_Turnover_TFCT,,wide,Sheet type: UNUWIDERGRD_2025_Central::PCTGDP,taxes_on_goods_and_services_ow_general_sales_vat_turnover_tfct
UNU-WIDER,UNUWIDERGRD_2025_Central - PCTGDP,Taxes_on_Goods_and_Services_VAT,Taxes_on_Goods_and_Services_VAT,,wide,Sheet type: UNUWIDERGRD_2025_Central::PCTGDP,taxes_on_goods_and_services_vat
UNU-WIDER,UNUWIDERGRD_2025_Central - PCTGDP,Taxes_on_Goods_and_Services_ow_Excises,Taxes_on_Goods_and_Services_ow_Excises,,wide,Sheet type: UNUWIDERGRD_2025_Central::PCTGDP,taxes_on_goods_and_services_ow_excises
UNU-WIDER,UNUWIDERGRD_2025_Central - PCTGDP,Taxes_on_International_Trade_Total,Taxes_on_International_Trade_Total,,wide,Sheet type: UNUWIDERGRD_2025_Central::PCTGDP,taxes_on_international_trade_total
UNU-WIDER,UNUWIDERGRD_2025_Central - PCTGDP,Taxes_on_International_Trade_ow_Import,Taxes_on_International_Trade_ow_Import,,wide,Sheet type: UNUWIDERGRD_2025_Central::PCTGDP,taxes_on_international_trade_ow_import
UNU-WIDER,UNUWIDERGRD_2025_Central - PCTGDP,Taxes_on_International_Trade_ow_Export,Taxes_on_International_Trade_ow_Export,,wide,Sheet type: UNUWIDERGRD_2025_Central::PCTGDP,taxes_on_international_trade_ow_export
UNU-WIDER,UNUWIDERGRD_2025_Central - PCTGDP,Other_Taxes_Unnamed_52_level_1,Other_Taxes_Unnamed_52_level_1,,wide,Sheet type: UNUWIDERGRD_2025_Central::PCTGDP,other_taxes_unnamed_52_level_1
UNU-WIDER,UNUWIDERGRD_2025_Central - PCTGDP,NonTax_Revenue_Total,NonTax_Revenue_Total,,wide,Sheet type: UNUWIDERGRD_2025_Central::PCTGDP,nontax_revenue_total
UNU-WIDER,UNUWIDERGRD_2025_Central - PCTGDP,NonTax_Revenue_Resource_Component,NonTax_Revenue_Resource_Component,,wide,Sheet type: UNUWIDERGRD_2025_Central::PCTGDP,nontax_revenue_resource_component
UNU-WIDER,UNUWIDERGRD_2025_Central - PCTGDP,NonTax_Revenue_NonResource_Component,NonTax_Revenue_NonResource_Component,,wide,Sheet type: UNUWIDERGRD_2025_Central::PCTGDP,nontax_revenue_nonresource_component
UNU-WIDER,UNUWIDERGRD_2025_Central - PCTGDP,Social_Contributions_Unnamed_56_level_1,Social_Contributions_Unnamed_56_level_1,,wide,Sheet type: UNUWIDERGRD_2025_Central::PCTGDP,social_contributions_unnamed_56_level_1
UNU-WIDER,UNUWIDERGRD_2025_Central - PCTGDP,Grants_Unnamed_57_level_1,Grants_Unnamed_57_level_1,,wide,Sheet type: UNUWIDERGRD_2025_Central::PCTGDP,grants_unnamed_57_level_1
UNU-WIDER,UNUWIDERGRD_2025_Central - PCTGDP,General_Notes_Unnamed_58_level_1,General_Notes_Unnamed_58_level_1,,wide,Sheet type: UNUWIDERGRD_2025_Central::PCTGDP,general_notes_unnamed_58_level_1
UNU-WIDER,UNUWIDERGRD_2025_Central - PCTGDP,Caution1_Accuracy_Quality_or_Comparability_of_data_is_questionable_Unnamed_59_level_1,Caution1_Accuracy_Quality_or_Comparability_of_data_is_questionable_Unnamed_59_level_1,,wide,Sheet type: UNUWIDERGRD_2025_Central::PCTGDP,caution1_accuracy_quality_or_comparability_of_data_is_questionable_unnamed_59_level_1
UNU-WIDER,UNUWIDERGRD_2025_Central - PCTGDP,Caution_1_Notes_Unnamed_60_level_1,Caution_1_Notes_Unnamed_60_level_1,,wide,Sheet type: UNUWIDERGRD_2025_Central::PCTGDP,caution_1_notes_unnamed_60_level_1
UNU-WIDER,UNUWIDERGRD_2025_Central - PCTGDP,Caution3_Unexcluded_Resource_Revenue_are_Marginal_but_NonNegligible_Unnamed_62_level_1,Caution3_Unexcluded_Resource_Revenue_are_Marginal_but_NonNegligible_Unnamed_62_level_1,,wide,Sheet type: UNUWIDERGRD_2025_Central::PCTGDP,caution3_unexcluded_resource_revenue_are_marginal_but_nonnegligible_unnamed_62_level_1
UNU-WIDER,UNUWIDERGRD_2025_Central - PCTGDP,Resource_Revenue_Notes_Unnamed_63_level_1,Resource_Revenue_Notes_Unnamed_63_level_1,,wide,Sheet type: UNUWIDERGRD_2025_Central::PCTGDP,resource_revenue_notes_unnamed_63_level_1
UNU-WIDER,UNUWIDERGRD_2025_Central - PCTGDP,Social_contributions_notes_Unnamed_65_level_1,Social_contributions_notes_Unnamed_65_level_1,,wide,Sheet type: UNUWIDERGRD_2025_Central::PCTGDP,social_contributions_notes_unnamed_65_level_1
UNU-WIDER,UNUWIDERGRD_2025_Central - GDP,GDP_lcu_mn_IMF_WEO_Unnamed_3_level_1,GDP_lcu_mn_IMF_WEO_Unnamed_3_level_1,,wide,Sheet type: UNUWIDERGRD_2025_Central::GDP,gdp_lcu_mn_imf_weo_unnamed_3_level_1
UNU-WIDER,UNUWIDERGRD_2025_General - LCU,Database_source_Unnamed_0_level_1,Database_source_Unnamed_0_level_1,,wide,Sheet type: UNUWIDERGRD_2025_General::LCU,database_source_unnamed_0_level_1
UNU-WIDER,UNUWIDERGRD_2025_General - LCU,Government_Unnamed_1_level_1,Government_Unnamed_1_level_1,,wide,Sheet type: UNUWIDERGRD_2025_General::LCU,government_unnamed_1_level_1
UNU-WIDER,UNUWIDERGRD_2025_General - LCU,datastatuscode_Unnamed_2_level_1,datastatuscode_Unnamed_2_level_1,,wide,Sheet type: UNUWIDERGRD_2025_General::LCU,datastatuscode_unnamed_2_level_1
UNU-WIDER,UNUWIDERGRD_2025_General - LCU,Data_status_Unnamed_7_level_1,Data_status_Unnamed_7_level_1,,wide,Sheet type: UNUWIDERGRD_2025_General::LCU,data_status_unnamed_7_level_1
UNU-WIDER,UNUWIDERGRD_2025_General - LCU,currency_Unnamed_13_level_1,currency_Unnamed_13_level_1,,wide,Sheet type: UNUWIDERGRD_2025_General::LCU,currency_unnamed_13_level_1
UNU-WIDER,UNUWIDERGRD_2025_General - LCU,GDP_lcu_mn_Unnamed_14_level_1,GDP_lcu_mn_Unnamed_14_level_1,,wide,Sheet type: UNUWIDERGRD_2025_General::LCU,gdp_lcu_mn_unnamed_14_level_1
UNU-WIDER,UNUWIDERGRD_2025_General - LCU,Common_GDP_Series_Unnamed_15_level_1,Common_GDP_Series_Unnamed_15_level_1,,wide,Sheet type: UNUWIDERGRD_2025_General::LCU,common_gdp_series_unnamed_15_level_1
UNU-WIDER,UNUWIDERGRD_2025_General - LCU,Flag_1_if_substitute_GDP_0_if_leave_alone_Unnamed_16_level_1,Flag_1_if_substitute_GDP_0_if_leave_alone_Unnamed_16_level_1,,wide,Sheet type: UNUWIDERGRD_2025_General::LCU,flag_1_if_substitute_gdp_0_if_leave_alone_unnamed_16_level_1
UNU-WIDER,UNUWIDERGRD_2025_General - LCU,Revenue_Data_Scalar_Unnamed_17_level_1,Revenue_Data_Scalar_Unnamed_17_level_1,,wide,Sheet type: UNUWIDERGRD_2025_General::LCU,revenue_data_scalar_unnamed_17_level_1
UNU-WIDER,UNUWIDERGRD_2025_General - LCU,Total_Revenue_Excluding_Grants,Total_Revenue_Excluding_Grants,,wide,Sheet type: UNUWIDERGRD_2025_General::LCU,total_revenue_excluding_grants
UNU-WIDER,UNUWIDERGRD_2025_General - LCU,Total_Revenue_Excluding_Grants1,Total_Revenue_Excluding_Grants1,,wide,Sheet type: UNUWIDERGRD_2025_General::LCU,total_revenue_excluding_grants1
UNU-WIDER,UNUWIDERGRD_2025_General - LCU,Total_Resource_Revenue_Unnamed_22_level_1,Total_Resource_Revenue_Unnamed_22_level_1,,wide,Sheet type: UNUWIDERGRD_2025_General::LCU,total_resource_revenue_unnamed_22_level_1
UNU-WIDER,UNUWIDERGRD_2025_General - LCU,Taxes_Excluding_SC,Taxes_Excluding_SC,,wide,Sheet type: UNUWIDERGRD_2025_General::LCU,taxes_excluding_sc
UNU-WIDER,UNUWIDERGRD_2025_General - LCU,Resource_Taxes_Unnamed_26_level_1,Resource_Taxes_Unnamed_26_level_1,,wide,Sheet type: UNUWIDERGRD_2025_General::LCU,resource_taxes_unnamed_26_level_1
UNU-WIDER,UNUWIDERGRD_2025_General - LCU,NonResource_Tax_Excluding_SC,NonResource_Tax_Excluding_SC,,wide,Sheet type: UNUWIDERGRD_2025_General::LCU,nonresource_tax_excluding_sc
UNU-WIDER,UNUWIDERGRD_2025_General - LCU,Direct_Taxes_Excluding_SC,Direct_Taxes_Excluding_SC,,wide,Sheet type: UNUWIDERGRD_2025_General::LCU,direct_taxes_excluding_sc
UNU-WIDER,UNUWIDERGRD_2025_General - LCU,Direct_Taxes_Excluding_SC1,Direct_Taxes_Excluding_SC1,,wide,Sheet type: UNUWIDERGRD_2025_General::LCU,direct_taxes_excluding_sc1
UNU-WIDER,UNUWIDERGRD_2025_General - LCU,Taxes_on_Payroll_Workforce_Unnamed_40_level_1,Taxes_on_Payroll_Workforce_Unnamed_40_level_1,,wide,Sheet type: UNUWIDERGRD_2025_General::LCU,taxes_on_payroll_workforce_unnamed_40_level_1
UNU-WIDER,UNUWIDERGRD_2025_General - LCU,Property_Taxes_Unnamed_41_level_1,Property_Taxes_Unnamed_41_level_1,,wide,Sheet type: UNUWIDERGRD_2025_General::LCU,property_taxes_unnamed_41_level_1
UNU-WIDER,UNUWIDERGRD_2025_General - LCU,Indirect_Taxes_Total,Indirect_Taxes_Total,,wide,Sheet type: UNUWIDERGRD_2025_General::LCU,indirect_taxes_total
UNU-WIDER,UNUWIDERGRD_2025_General - LCU,Indirect_Taxes_Resource_Component,Indirect_Taxes_Resource_Component,,wide,Sheet type: UNUWIDERGRD_2025_General::LCU,indirect_taxes_resource_component
UNU-WIDER,UNUWIDERGRD_2025_General - LCU,Indirect_Taxes_NonResource_Component,Indirect_Taxes_NonResource_Component,,wide,Sheet type: UNUWIDERGRD_2025_General::LCU,indirect_taxes_nonresource_component
UNU-WIDER,UNUWIDERGRD_2025_General - LCU,Taxes_on_Goods_and_Services_Total,Taxes_on_Goods_and_Services_Total,,wide,Sheet type: UNUWIDERGRD_2025_General::LCU,taxes_on_goods_and_services_total
UNU-WIDER,UNUWIDERGRD_2025_General - LCU,Taxes_on_Goods_and_Services_ow_General_Sales_VAT_Turnover_TFCT,Taxes_on_Goods_and_Services_ow_General_Sales_VAT_Turnover_TFCT,,wide,Sheet type: UNUWIDERGRD_2025_General::LCU,taxes_on_goods_and_services_ow_general_sales_vat_turnover_tfct
UNU-WIDER,UNUWIDERGRD_2025_General - LCU,Taxes_on_Goods_and_Services_VAT,Taxes_on_Goods_and_Services_VAT,,wide,Sheet type: UNUWIDERGRD_2025_General::LCU,taxes_on_goods_and_services_vat
UNU-WIDER,UNUWIDERGRD_2025_General - LCU,Taxes_on_Goods_and_Services_ow_Excises,Taxes_on_Goods_and_Services_ow_Excises,,wide,Sheet type: UNUWIDERGRD_2025_General::LCU,taxes_on_goods_and_services_ow_excises
UNU-WIDER,UNUWIDERGRD_2025_General - LCU,Taxes_on_International_Trade_Total,Taxes_on_International_Trade_Total,,wide,Sheet type: UNUWIDERGRD_2025_General::LCU,taxes_on_international_trade_total
UNU-WIDER,UNUWIDERGRD_2025_General - LCU,Taxes_on_International_Trade_ow_Import,Taxes_on_International_Trade_ow_Import,,wide,Sheet type: UNUWIDERGRD_2025_General::LCU,taxes_on_international_trade_ow_import
UNU-WIDER,UNUWIDERGRD_2025_General - LCU,Taxes_on_International_Trade_ow_Export,Taxes_on_International_Trade_ow_Export,,wide,Sheet type: UNUWIDERGRD_2025_General::LCU,taxes_on_international_trade_ow_export
UNU-WIDER,UNUWIDERGRD_2025_General - LCU,Other_Taxes_Unnamed_52_level_1,Other_Taxes_Unnamed_52_level_1,,wide,Sheet type: UNUWIDERGRD_2025_General::LCU,other_taxes_unnamed_52_level_1
UNU-WIDER,UNUWIDERGRD_2025_General - LCU,NonTax_Revenue_Total,NonTax_Revenue_Total,,wide,Sheet type: UNUWIDERGRD_2025_General::LCU,nontax_revenue_total
UNU-WIDER,UNUWIDERGRD_2025_General - LCU,NonTax_Revenue_Resource_Component,NonTax_Revenue_Resource_Component,,wide,Sheet type: UNUWIDERGRD_2025_General::LCU,nontax_revenue_resource_component
UNU-WIDER,UNUWIDERGRD_2025_General - LCU,NonTax_Revenue_NonResource_Component,NonTax_Revenue_NonResource_Component,,wide,Sheet type: UNUWIDERGRD_2025_General::LCU,nontax_revenue_nonresource_component
UNU-WIDER,UNUWIDERGRD_2025_General - LCU,Social_Contributions_Unnamed_56_level_1,Social_Contributions_Unnamed_56_level_1,,wide,Sheet type: UNUWIDERGRD_2025_General::LCU,social_contributions_unnamed_56_level_1
UNU-WIDER,UNUWIDERGRD_2025_General - LCU,Grants_Unnamed_57_level_1,Grants_Unnamed_57_level_1,,wide,Sheet type: UNUWIDERGRD_2025_General::LCU,grants_unnamed_57_level_1
UNU-WIDER,UNUWIDERGRD_2025_General - LCU,General_Notes_Unnamed_58_level_1,General_Notes_Unnamed_58_level_1,,wide,Sheet type: UNUWIDERGRD_2025_General::LCU,general_notes_unnamed_58_level_1
UNU-WIDER,UNUWIDERGRD_2025_General - LCU,Caution1_Accuracy_Quality_or_Comparability_of_data_is_questionable_Unnamed_59_level_1,Caution1_Accuracy_Quality_or_Comparability_of_data_is_questionable_Unnamed_59_level_1,,wide,Sheet type: UNUWIDERGRD_2025_General::LCU,caution1_accuracy_quality_or_comparability_of_data_is_questionable_unnamed_59_level_1
UNU-WIDER,UNUWIDERGRD_2025_General - LCU,Caution_1_Notes_Unnamed_60_level_1,Caution_1_Notes_Unnamed_60_level_1,,wide,Sheet type: UNUWIDERGRD_2025_General::LCU,caution_1_notes_unnamed_60_level_1
UNU-WIDER,UNUWIDERGRD_2025_General - LCU,Caution3_Unexcluded_Resource_Revenue_are_Marginal_but_NonNegligible_Unnamed_62_level_1,Caution3_Unexcluded_Resource_Revenue_are_Marginal_but_NonNegligible_Unnamed_62_level_1,,wide,Sheet type: UNUWIDERGRD_2025_General::LCU,caution3_unexcluded_resource_revenue_are_marginal_but_nonnegligible_unnamed_62_level_1
UNU-WIDER,UNUWIDERGRD_2025_General - LCU,Resource_Revenue_Notes_Unnamed_63_level_1,Resource_Revenue_Notes_Unnamed_63_level_1,,wide,Sheet type: UNUWIDERGRD_2025_General::LCU,resource_revenue_notes_unnamed_63_level_1
UNU-WIDER,UNUWIDERGRD_2025_General - LCU,Social_contributions_notes_Unnamed_65_level_1,Social_contributions_notes_Unnamed_65_level_1,,wide,Sheet type: UNUWIDERGRD_2025_General::LCU,social_contributions_notes_unnamed_65_level_1
UNU-WIDER,UNUWIDERGRD_2025_General - LCU,Social_contributions_notes_Unnamed_66_level_1,Social_contributions_notes_Unnamed_66_level_1,,wide,Sheet type: UNUWIDERGRD_2025_General::LCU,social_contributions_notes_unnamed_66_level_1
UNU-WIDER,UNUWIDERGRD_2025_General - LCU,Social_contributions_notes_Unnamed_73_level_1,Social_contributions_notes_Unnamed_73_level_1,,wide,Sheet type: UNUWIDERGRD_2025_General::LCU,social_contributions_notes_unnamed_73_level_1
UNU-WIDER,UNUWIDERGRD_2025_General - PCTGDP,Database_source_Unnamed_0_level_1,Database_source_Unnamed_0_level_1,,wide,Sheet type: UNUWIDERGRD_2025_General::PCTGDP,database_source_unnamed_0_level_1
UNU-WIDER,UNUWIDERGRD_2025_General - PCTGDP,Government_Unnamed_1_level_1,Government_Unnamed_1_level_1,,wide,Sheet type: UNUWIDERGRD_2025_General::PCTGDP,government_unnamed_1_level_1
UNU-WIDER,UNUWIDERGRD_2025_General - PCTGDP,datastatuscode_Unnamed_2_level_1,datastatuscode_Unnamed_2_level_1,,wide,Sheet type: UNUWIDERGRD_2025_General::PCTGDP,datastatuscode_unnamed_2_level_1
UNU-WIDER,UNUWIDERGRD_2025_General - PCTGDP,Data_status_Unnamed_7_level_1,Data_status_Unnamed_7_level_1,,wide,Sheet type: UNUWIDERGRD_2025_General::PCTGDP,data_status_unnamed_7_level_1
UNU-WIDER,UNUWIDERGRD_2025_General - PCTGDP,currency_Unnamed_13_level_1,currency_Unnamed_13_level_1,,wide,Sheet type: UNUWIDERGRD_2025_General::PCTGDP,currency_unnamed_13_level_1
UNU-WIDER,UNUWIDERGRD_2025_General - PCTGDP,GDP_lcu_mn_Unnamed_14_level_1,GDP_lcu_mn_Unnamed_14_level_1,,wide,Sheet type: UNUWIDERGRD_2025_General::PCTGDP,gdp_lcu_mn_unnamed_14_level_1
UNU-WIDER,UNUWIDERGRD_2025_General - PCTGDP,Common_GDP_Series_Unnamed_15_level_1,Common_GDP_Series_Unnamed_15_level_1,,wide,Sheet type: UNUWIDERGRD_2025_General::PCTGDP,common_gdp_series_unnamed_15_level_1
UNU-WIDER,UNUWIDERGRD_2025_General - PCTGDP,Flag_1_if_substitute_GDP_0_if_leave_alone_Unnamed_16_level_1,Flag_1_if_substitute_GDP_0_if_leave_alone_Unnamed_16_level_1,,wide,Sheet type: UNUWIDERGRD_2025_General::PCTGDP,flag_1_if_substitute_gdp_0_if_leave_alone_unnamed_16_level_1
UNU-WIDER,UNUWIDERGRD_2025_General - PCTGDP,Revenue_Data_Scalar_Unnamed_17_level_1,Revenue_Data_Scalar_Unnamed_17_level_1,,wide,Sheet type: UNUWIDERGRD_2025_General::PCTGDP,revenue_data_scalar_unnamed_17_level_1
UNU-WIDER,UNUWIDERGRD_2025_General - PCTGDP,Total_Revenue_Excluding_Grants,Total_Revenue_Excluding_Grants,,wide,Sheet type: UNUWIDERGRD_2025_General::PCTGDP,total_revenue_excluding_grants
UNU-WIDER,UNUWIDERGRD_2025_General - PCTGDP,Total_Revenue_Excluding_Grants1,Total_Revenue_Excluding_Grants1,,wide,Sheet type: UNUWIDERGRD_2025_General::PCTGDP,total_revenue_excluding_grants1
UNU-WIDER,UNUWIDERGRD_2025_General - PCTGDP,Total_Resource_Revenue_Unnamed_22_level_1,Total_Resource_Revenue_Unnamed_22_level_1,,wide,Sheet type: UNUWIDERGRD_2025_General::PCTGDP,total_resource_revenue_unnamed_22_level_1
UNU-WIDER,UNUWIDERGRD_2025_General - PCTGDP,Taxes_Excluding_SC,Taxes_Excluding_SC,,wide,Sheet type: UNUWIDERGRD_2025_General::PCTGDP,taxes_excluding_sc
UNU-WIDER,UNUWIDERGRD_2025_General - PCTGDP,Resource_Taxes_Unnamed_26_level_1,Resource_Taxes_Unnamed_26_level_1,,wide,Sheet type: UNUWIDERGRD_2025_General::PCTGDP,resource_taxes_unnamed_26_level_1
UNU-WIDER,UNUWIDERGRD_2025_General - PCTGDP,NonResource_Tax_Excluding_SC,NonResource_Tax_Excluding_SC,,wide,Sheet type: UNUWIDERGRD_2025_General::PCTGDP,nonresource_tax_excluding_sc
UNU-WIDER,UNUWIDERGRD_2025_General - PCTGDP,Direct_Taxes_Excluding_SC,Direct_Taxes_Excluding_SC,,wide,Sheet type: UNUWIDERGRD_2025_General::PCTGDP,direct_taxes_excluding_sc
UNU-WIDER,UNUWIDERGRD_2025_General - PCTGDP,Direct_Taxes_Excluding_SC1,Direct_Taxes_Excluding_SC1,,wide,Sheet type: UNUWIDERGRD_2025_General::PCTGDP,direct_taxes_excluding_sc1
UNU-WIDER,UNUWIDERGRD_2025_General - PCTGDP,Taxes_on_Payroll_Workforce_Unnamed_40_level_1,Taxes_on_Payroll_Workforce_Unnamed_40_level_1,,wide,Sheet type: UNUWIDERGRD_2025_General::PCTGDP,taxes_on_payroll_workforce_unnamed_40_level_1
UNU-WIDER,UNUWIDERGRD_2025_General - PCTGDP,Property_Taxes_Unnamed_41_level_1,Property_Taxes_Unnamed_41_level_1,,wide,Sheet type: UNUWIDERGRD_2025_General::PCTGDP,property_taxes_unnamed_41_level_1
UNU-WIDER,UNUWIDERGRD_2025_General - PCTGDP,Indirect_Taxes_Total,Indirect_Taxes_Total,,wide,Sheet type: UNUWIDERGRD_2025_General::PCTGDP,indirect_taxes_total
UNU-WIDER,UNUWIDERGRD_2025_General - PCTGDP,Indirect_Taxes_Resource_Component,Indirect_Taxes_Resource_Component,,wide,Sheet type: UNUWIDERGRD_2025_General::PCTGDP,indirect_taxes_resource_component
UNU-WIDER,UNUWIDERGRD_2025_General - PCTGDP,Indirect_Taxes_NonResource_Component,Indirect_Taxes_NonResource_Component,,wide,Sheet type: UNUWIDERGRD_2025_General::PCTGDP,indirect_taxes_nonresource_component
UNU-WIDER,UNUWIDERGRD_2025_General - PCTGDP,Taxes_on_Goods_and_Services_Total,Taxes_on_Goods_and_Services_Total,,wide,Sheet type: UNUWIDERGRD_2025_General::PCTGDP,taxes_on_goods_and_services_total
UNU-WIDER,UNUWIDERGRD_2025_General - PCTGDP,Taxes_on_Goods_and_Services_ow_General_Sales_VAT_Turnover_TFCT,Taxes_on_Goods_and_Services_ow_General_Sales_VAT_Turnover_TFCT,,wide,Sheet type: UNUWIDERGRD_2025_General::PCTGDP,taxes_on_goods_and_services_ow_general_sales_vat_turnover_tfct
UNU-WIDER,UNUWIDERGRD_2025_General - PCTGDP,Taxes_on_Goods_and_Services_VAT,Taxes_on_Goods_and_Services_VAT,,wide,Sheet type: UNUWIDERGRD_2025_General::PCTGDP,taxes_on_goods_and_services_vat
UNU-WIDER,UNUWIDERGRD_2025_General - PCTGDP,Taxes_on_Goods_and_Services_ow_Excises,Taxes_on_Goods_and_Services_ow_Excises,,wide,Sheet type: UNUWIDERGRD_2025_General::PCTGDP,taxes_on_goods_and_services_ow_excises
UNU-WIDER,UNUWIDERGRD_2025_General - PCTGDP,Taxes_on_International_Trade_Total,Taxes_on_International_Trade_Total,,wide,Sheet type: UNUWIDERGRD_2025_General::PCTGDP,taxes_on_international_trade_total
UNU-WIDER,UNUWIDERGRD_2025_General - PCTGDP,Taxes_on_International_Trade_ow_Import,Taxes_on_International_Trade_ow_Import,,wide,Sheet type: UNUWIDERGRD_2025_General::PCTGDP,taxes_on_international_trade_ow_import
UNU-WIDER,UNUWIDERGRD_2025_General - PCTGDP,Taxes_on_International_Trade_ow_Export,Taxes_on_International_Trade_ow_Export,,wide,Sheet type: UNUWIDERGRD_2025_General::PCTGDP,taxes_on_international_trade_ow_export
UNU-WIDER,UNUWIDERGRD_2025_General - PCTGDP,Other_Taxes_Unnamed_52_level_1,Other_Taxes_Unnamed_52_level_1,,wide,Sheet type: UNUWIDERGRD_2025_General::PCTGDP,other_taxes_unnamed_52_level_1
UNU-WIDER,UNUWIDERGRD_2025_General - PCTGDP,NonTax_Revenue_Total,NonTax_Revenue_Total,,wide,Sheet type: UNUWIDERGRD_2025_General::PCTGDP,nontax_revenue_total
UNU-WIDER,UNUWIDERGRD_2025_General - PCTGDP,NonTax_Revenue_Resource_Component,NonTax_Revenue_Resource_Component,,wide,Sheet type: UNUWIDERGRD_2025_General::PCTGDP,nontax_revenue_resource_component
UNU-WIDER,UNUWIDERGRD_2025_General - PCTGDP,NonTax_Revenue_NonResource_Component,NonTax_Revenue_NonResource_Component,,wide,Sheet type: UNUWIDERGRD_2025_General::PCTGDP,nontax_revenue_nonresource_component
UNU-WIDER,UNUWIDERGRD_2025_General - PCTGDP,Social_Contributions_Unnamed_56_level_1,Social_Contributions_Unnamed_56_level_1,,wide,Sheet type: UNUWIDERGRD_2025_General::PCTGDP,social_contributions_unnamed_56_level_1
UNU-WIDER,UNUWIDERGRD_2025_General - PCTGDP,Grants_Unnamed_57_level_1,Grants_Unnamed_57_level_1,,wide,Sheet type: UNUWIDERGRD_2025_General::PCTGDP,grants_unnamed_57_level_1
UNU-WIDER,UNUWIDERGRD_2025_General - PCTGDP,General_Notes_Unnamed_58_level_1,General_Notes_Unnamed_58_level_1,,wide,Sheet type: UNUWIDERGRD_2025_General::PCTGDP,general_notes_unnamed_58_level_1
UNU-WIDER,UNUWIDERGRD_2025_General - PCTGDP,Caution1_Accuracy_Quality_or_Comparability_of_data_is_questionable_Unnamed_59_level_1,Caution1_Accuracy_Quality_or_Comparability_of_data_is_questionable_Unnamed_59_level_1,,wide,Sheet type: UNUWIDERGRD_2025_General::PCTGDP,caution1_accuracy_quality_or_comparability_of_data_is_questionable_unnamed_59_level_1
UNU-WIDER,UNUWIDERGRD_2025_General - PCTGDP,Caution_1_Notes_Unnamed_60_level_1,Caution_1_Notes_Unnamed_60_level_1,,wide,Sheet type: UNUWIDERGRD_2025_General::PCTGDP,caution_1_notes_unnamed_60_level_1
UNU-WIDER,UNUWIDERGRD_2025_General - PCTGDP,Caution3_Unexcluded_Resource_Revenue_are_Marginal_but_NonNegligible_Unnamed_62_level_1,Caution3_Unexcluded_Resource_Revenue_are_Marginal_but_NonNegligible_Unnamed_62_level_1,,wide,Sheet type: UNUWIDERGRD_2025_General::PCTGDP,caution3_unexcluded_resource_revenue_are_marginal_but_nonnegligible_unnamed_62_level_1
UNU-WIDER,UNUWIDERGRD_2025_General - PCTGDP,Resource_Revenue_Notes_Unnamed_63_level_1,Resource_Revenue_Notes_Unnamed_63_level_1,,wide,Sheet type: UNUWIDERGRD_2025_General::PCTGDP,resource_revenue_notes_unnamed_63_level_1
UNU-WIDER,UNUWIDERGRD_2025_General - PCTGDP,Social_contributions_notes_Unnamed_65_level_1,Social_contributions_notes_Unnamed_65_level_1,,wide,Sheet type: UNUWIDERGRD_2025_General::PCTGDP,social_contributions_notes_unnamed_65_level_1
UNU-WIDER,UNUWIDERGRD_2025_General - PCTGDP,Social_contributions_notes_Unnamed_66_level_1,Social_contributions_notes_Unnamed_66_level_1,,wide,Sheet type: UNUWIDERGRD_2025_General::PCTGDP,social_contributions_notes_unnamed_66_level_1
UNU-WIDER,UNUWIDERGRD_2025_General - PCTGDP,Social_contributions_notes_Unnamed_73_level_1,Social_contributions_notes_Unnamed_73_level_1,,wide,Sheet type: UNUWIDERGRD_2025_General::PCTGDP,social_contributions_notes_unnamed_73_level_1
UNU-WIDER,UNUWIDERGRD_2025_General - GDP,GDP_lcu_mn_IMF_WEO_Unnamed_3_level_1,GDP_lcu_mn_IMF_WEO_Unnamed_3_level_1,,wide,Sheet type: UNUWIDERGRD_2025_General::GDP,gdp_lcu_mn_imf_weo_unnamed_3_level_1
